{"accuracy": [0.5916210412979126, 0.8646418452262878, 0.9162102341651917, 0.9415321350097656, 0.9574507474899292, 0.9660431146621704, 0.9714062213897705, 0.976854681968689, 0.9801835417747498, 0.9820044040679932], "loss": [1.3897104263305664, 0.4282246530056, 0.2581044137477875, 0.17788246273994446, 0.1289295107126236, 0.10275047272443771, 0.08709479868412018, 0.07143477350473404, 0.060620296746492386, 0.05690837278962135], "val_accuracy": [0.8466309905052185, 0.9154905676841736, 0.9345549941062927, 0.9477008581161499, 0.9483838081359863, 0.9609606266021729, 0.9653995037078857, 0.9653995037078857, 0.9718301892280579, 0.9436603784561157], "val_loss": [0.47248131036758423, 0.2601339519023895, 0.21253283321857452, 0.16282576322555542, 0.16704486310482025, 0.12340330332517624, 0.11159839481115341, 0.11110043525695801, 0.09711313247680664, 0.17926712334156036]}